img_list,label
2969.nii.gz,1
1672.nii.gz,2
3070.nii.gz,1
1829.nii.gz,2
2233.nii.gz,2
3896.nii.gz,1
1970.nii.gz,2
2722.nii.gz,2
5773.nii.gz,1
2495.nii.gz,2
1391.nii.gz,2
1516.nii.gz,2
1835.nii.gz,2
3006.nii.gz,1
3430.nii.gz,1
2451.nii.gz,2
3888.nii.gz,1
4143.nii.gz,1
998.nii.gz,0
526.nii.gz,0
4241.nii.gz,1
5349.nii.gz,0
1215.nii.gz,2
3352.nii.gz,1
5700.nii.gz,1
1753.nii.gz,2
2172.nii.gz,2
474.nii.gz,0
2198.nii.gz,2
592.nii.gz,0
3456.nii.gz,1
3995.nii.gz,1
3928.nii.gz,1
2244.nii.gz,2
5657.nii.gz,1
1158.nii.gz,0
2033.nii.gz,2
3249.nii.gz,1
3387.nii.gz,1
3788.nii.gz,1
5680.nii.gz,1
3498.nii.gz,1
1798.nii.gz,2
2275.nii.gz,2
364.nii.gz,0
1954.nii.gz,2
5483.nii.gz,2
3978.nii.gz,1
387.nii.gz,0
3192.nii.gz,1
728.nii.gz,0
3356.nii.gz,1
1752.nii.gz,2
1771.nii.gz,2
3442.nii.gz,1
2528.nii.gz,2
3303.nii.gz,1
1643.nii.gz,2
961.nii.gz,0
1965.nii.gz,2
92.nii.gz,0
3361.nii.gz,1
2681.nii.gz,2
2153.nii.gz,2
650.nii.gz,0
5754.nii.gz,1
2590.nii.gz,2
4005.nii.gz,1
1204.nii.gz,2
1637.nii.gz,2
3158.nii.gz,1
397.nii.gz,0
5416.nii.gz,0
3149.nii.gz,1
539.nii.gz,0
839.nii.gz,0
475.nii.gz,0
264.nii.gz,0
3369.nii.gz,1
973.nii.gz,0
2704.nii.gz,2
5473.nii.gz,2
5412.nii.gz,0
4034.nii.gz,1
5774.nii.gz,1
1957.nii.gz,2
222.nii.gz,0
5652.nii.gz,1
5626.nii.gz,1
785.nii.gz,0
3819.nii.gz,1
5714.nii.gz,1
5672.nii.gz,1
2013.nii.gz,2
1843.nii.gz,2
3504.nii.gz,1
4287.nii.gz,1
1350.nii.gz,2
180.nii.gz,0
5374.nii.gz,0
3395.nii.gz,1
4337.nii.gz,1
3128.nii.gz,1
2117.nii.gz,2
3453.nii.gz,1
181.nii.gz,0
2001.nii.gz,2
446.nii.gz,0
5719.nii.gz,1
3925.nii.gz,1
2964.nii.gz,1
618.nii.gz,0
1023.nii.gz,0
1604.nii.gz,2
598.nii.gz,0
636.nii.gz,0
489.nii.gz,0
176.nii.gz,0
3338.nii.gz,1
5673.nii.gz,1
3346.nii.gz,1
1470.nii.gz,2
3890.nii.gz,1
419.nii.gz,0
469.nii.gz,0
2471.nii.gz,2
3936.nii.gz,1
3466.nii.gz,1
2236.nii.gz,2
1756.nii.gz,2
2599.nii.gz,2
1526.nii.gz,2
5539.nii.gz,2
1818.nii.gz,2
3839.nii.gz,1
4263.nii.gz,1
1488.nii.gz,2
3670.nii.gz,1
122.nii.gz,0
2987.nii.gz,1
1562.nii.gz,2
1338.nii.gz,2
3536.nii.gz,1
2038.nii.gz,2
816.nii.gz,0
771.nii.gz,0
1899.nii.gz,2
1107.nii.gz,0
2958.nii.gz,1
4102.nii.gz,1
763.nii.gz,0
588.nii.gz,0
4040.nii.gz,1
3331.nii.gz,1
1750.nii.gz,2
2066.nii.gz,2
5670.nii.gz,1
3215.nii.gz,1
5398.nii.gz,0
3659.nii.gz,1
773.nii.gz,0
194.nii.gz,0
1934.nii.gz,2
3103.nii.gz,1
2971.nii.gz,1
2049.nii.gz,2
614.nii.gz,0
4068.nii.gz,1
2940.nii.gz,1
1993.nii.gz,2
1918.nii.gz,2
1128.nii.gz,0
4209.nii.gz,1
2197.nii.gz,2
1598.nii.gz,2
4294.nii.gz,1
821.nii.gz,0
2416.nii.gz,2
2352.nii.gz,2
432.nii.gz,0
2483.nii.gz,2
5635.nii.gz,1
1120.nii.gz,0
225.nii.gz,0
157.nii.gz,0
1180.nii.gz,2
1014.nii.gz,0
3297.nii.gz,1
3420.nii.gz,1
1659.nii.gz,2
4017.nii.gz,1
4183.nii.gz,1
143.nii.gz,0
2600.nii.gz,2
1253.nii.gz,2
5519.nii.gz,2
4041.nii.gz,1
5662.nii.gz,1
4167.nii.gz,1
1157.nii.gz,0
3724.nii.gz,1
2419.nii.gz,2
1506.nii.gz,2
2356.nii.gz,2
749.nii.gz,0
3651.nii.gz,1
4202.nii.gz,1
3311.nii.gz,1
589.nii.gz,0
3072.nii.gz,1
5370.nii.gz,0
5762.nii.gz,1
259.nii.gz,0
2587.nii.gz,2
3471.nii.gz,1
3469.nii.gz,1
1092.nii.gz,0
3829.nii.gz,1
4138.nii.gz,1
4324.nii.gz,1
3377.nii.gz,1
2246.nii.gz,2
610.nii.gz,0
1700.nii.gz,2
3859.nii.gz,1
716.nii.gz,0
5661.nii.gz,1
2486.nii.gz,2
4045.nii.gz,1
4252.nii.gz,1
3473.nii.gz,1
3680.nii.gz,1
574.nii.gz,0
3164.nii.gz,1
340.nii.gz,0
5406.nii.gz,0
183.nii.gz,0
4184.nii.gz,1
2715.nii.gz,2
5351.nii.gz,0
2670.nii.gz,2
3872.nii.gz,1
1305.nii.gz,2
3422.nii.gz,1
1018.nii.gz,0
2583.nii.gz,2
1047.nii.gz,0
2034.nii.gz,2
3790.nii.gz,1
3947.nii.gz,1
1555.nii.gz,2
3526.nii.gz,1
2927.nii.gz,1
1316.nii.gz,2
3637.nii.gz,1
1886.nii.gz,2
311.nii.gz,0
1040.nii.gz,0
2387.nii.gz,2
5736.nii.gz,1
2305.nii.gz,2
3024.nii.gz,1
3595.nii.gz,1
1665.nii.gz,2
3294.nii.gz,1
2271.nii.gz,2
3161.nii.gz,1
5676.nii.gz,1
2012.nii.gz,2
4290.nii.gz,1
3916.nii.gz,1
2452.nii.gz,2
4120.nii.gz,1
2319.nii.gz,2
2051.nii.gz,2
3398.nii.gz,1
1269.nii.gz,2
5493.nii.gz,2
1144.nii.gz,0
391.nii.gz,0
2928.nii.gz,1
2369.nii.gz,2
2032.nii.gz,2
2918.nii.gz,1
4240.nii.gz,1
1830.nii.gz,2
4253.nii.gz,1
741.nii.gz,0
1052.nii.gz,0
2320.nii.gz,2
714.nii.gz,0
2892.nii.gz,1
3520.nii.gz,1
3542.nii.gz,1
2342.nii.gz,2
1149.nii.gz,0
2602.nii.gz,2
2293.nii.gz,2
1648.nii.gz,2
3932.nii.gz,1
5447.nii.gz,0
108.nii.gz,0
2351.nii.gz,2
470.nii.gz,0
3997.nii.gz,1
1601.nii.gz,2
953.nii.gz,0
5732.nii.gz,1
1152.nii.gz,0
4149.nii.gz,1
2490.nii.gz,2
1166.nii.gz,2
1020.nii.gz,0
668.nii.gz,0
1958.nii.gz,2
3374.nii.gz,1
1435.nii.gz,2
548.nii.gz,0
4299.nii.gz,1
3533.nii.gz,1
748.nii.gz,0
2554.nii.gz,2
3725.nii.gz,1
2694.nii.gz,2
2092.nii.gz,2
2368.nii.gz,2
4270.nii.gz,1
3619.nii.gz,1
2430.nii.gz,2
3464.nii.gz,1
2360.nii.gz,2
4277.nii.gz,1
4144.nii.gz,1
3441.nii.gz,1
1324.nii.gz,2
2478.nii.gz,2
533.nii.gz,0
187.nii.gz,0
2997.nii.gz,1
1856.nii.gz,2
1790.nii.gz,2
2286.nii.gz,2
703.nii.gz,0
2192.nii.gz,2
1998.nii.gz,2
2189.nii.gz,2
3893.nii.gz,1
2523.nii.gz,2
1096.nii.gz,0
2405.nii.gz,2
2065.nii.gz,2
1098.nii.gz,0
5681.nii.gz,1
3290.nii.gz,1
1505.nii.gz,2
3256.nii.gz,1
1983.nii.gz,2
1525.nii.gz,2
1948.nii.gz,2
2582.nii.gz,2
1564.nii.gz,2
151.nii.gz,0
828.nii.gz,0
370.nii.gz,0
1491.nii.gz,2
1758.nii.gz,2
3912.nii.gz,1
1292.nii.gz,2
3740.nii.gz,1
2187.nii.gz,2
3118.nii.gz,1
4273.nii.gz,1
3390.nii.gz,1
3493.nii.gz,1
1783.nii.gz,2
5485.nii.gz,2
987.nii.gz,0
1765.nii.gz,2
2922.nii.gz,1
409.nii.gz,0
3476.nii.gz,1
3682.nii.gz,1
603.nii.gz,0
3347.nii.gz,1
2909.nii.gz,1
5704.nii.gz,1
1289.nii.gz,2
1868.nii.gz,2
825.nii.gz,0
2297.nii.gz,2
2733.nii.gz,2
390.nii.gz,0
1578.nii.gz,2
1291.nii.gz,2
2936.nii.gz,1
3664.nii.gz,1
3439.nii.gz,1
441.nii.gz,0
2250.nii.gz,2
4011.nii.gz,1
1554.nii.gz,2
2383.nii.gz,2
5641.nii.gz,1
2647.nii.gz,2
2046.nii.gz,2
4230.nii.gz,1
3791.nii.gz,1
3696.nii.gz,1
1474.nii.gz,2
2667.nii.gz,2
2657.nii.gz,2
5665.nii.gz,1
5694.nii.gz,1
769.nii.gz,0
1070.nii.gz,0
1133.nii.gz,0
3170.nii.gz,1
4006.nii.gz,1
2269.nii.gz,2
2093.nii.gz,2
316.nii.gz,0
4348.nii.gz,1
3781.nii.gz,1
3392.nii.gz,1
4276.nii.gz,1
1326.nii.gz,2
3878.nii.gz,1
578.nii.gz,0
3760.nii.gz,1
1461.nii.gz,2
3886.nii.gz,1
1699.nii.gz,2
2221.nii.gz,2
118.nii.gz,0
2020.nii.gz,2
2619.nii.gz,2
2128.nii.gz,2
4103.nii.gz,1
1130.nii.gz,0
5628.nii.gz,1
3921.nii.gz,1
359.nii.gz,0
405.nii.gz,0
2272.nii.gz,2
123.nii.gz,0
3140.nii.gz,1
4179.nii.gz,1
3077.nii.gz,1
1383.nii.gz,2
2500.nii.gz,2
3618.nii.gz,1
674.nii.gz,0
1185.nii.gz,2
2138.nii.gz,2
1540.nii.gz,2
1979.nii.gz,2
2290.nii.gz,2
5771.nii.gz,1
3223.nii.gz,1
1197.nii.gz,2
2511.nii.gz,2
2284.nii.gz,2
2613.nii.gz,2
3350.nii.gz,1
3069.nii.gz,1
2705.nii.gz,2
4096.nii.gz,1
3064.nii.gz,1
794.nii.gz,0
772.nii.gz,0
1955.nii.gz,2
2515.nii.gz,2
3436.nii.gz,1
1236.nii.gz,2
2201.nii.gz,2
5356.nii.gz,0
4162.nii.gz,1
3935.nii.gz,1
1422.nii.gz,2
2682.nii.gz,2
686.nii.gz,0
3966.nii.gz,1
5363.nii.gz,0
2264.nii.gz,2
957.nii.gz,0
5397.nii.gz,0
4226.nii.gz,1
1571.nii.gz,2
3508.nii.gz,1
2979.nii.gz,1
1083.nii.gz,0
3576.nii.gz,1
1622.nii.gz,2
2277.nii.gz,2
3403.nii.gz,1
3648.nii.gz,1
4215.nii.gz,1
500.nii.gz,0
4032.nii.gz,1
398.nii.gz,0
4200.nii.gz,1
178.nii.gz,0
3206.nii.gz,1
3051.nii.gz,1
1655.nii.gz,2
2620.nii.gz,2
1198.nii.gz,2
1330.nii.gz,2
471.nii.gz,0
1741.nii.gz,2
3383.nii.gz,1
2580.nii.gz,2
2437.nii.gz,2
3097.nii.gz,1
4018.nii.gz,1
1549.nii.gz,2
1181.nii.gz,2
2466.nii.gz,2
3811.nii.gz,1
1792.nii.gz,2
3523.nii.gz,1
5544.nii.gz,1
3334.nii.gz,1
1584.nii.gz,2
775.nii.gz,0
484.nii.gz,0
1196.nii.gz,2
570.nii.gz,0
3844.nii.gz,1
5653.nii.gz,1
879.nii.gz,0
804.nii.gz,0
4196.nii.gz,1
3517.nii.gz,1
4171.nii.gz,1
478.nii.gz,0
3220.nii.gz,1
5420.nii.gz,0
1063.nii.gz,0
2937.nii.gz,1
1082.nii.gz,0
448.nii.gz,0
1924.nii.gz,2
5630.nii.gz,1
4313.nii.gz,1
3368.nii.gz,1
1861.nii.gz,2
1560.nii.gz,2
1992.nii.gz,2
607.nii.gz,0
2002.nii.gz,2
2396.nii.gz,2
2329.nii.gz,2
3292.nii.gz,1
4262.nii.gz,1
4151.nii.gz,1
2712.nii.gz,2
3224.nii.gz,1
5536.nii.gz,2
2640.nii.gz,2
2158.nii.gz,2
3831.nii.gz,1
1735.nii.gz,2
643.nii.gz,0
5451.nii.gz,0
3739.nii.gz,1
606.nii.gz,0
3153.nii.gz,1
1129.nii.gz,0
3312.nii.gz,1
1641.nii.gz,2
5471.nii.gz,2
2086.nii.gz,2
2493.nii.gz,2
1832.nii.gz,2
1932.nii.gz,2
3988.nii.gz,1
3770.nii.gz,1
554.nii.gz,0
464.nii.gz,0
5383.nii.gz,0
4071.nii.gz,1
1384.nii.gz,2
196.nii.gz,0
2967.nii.gz,1
3776.nii.gz,1
1416.nii.gz,2
2165.nii.gz,2
3045.nii.gz,1
2529.nii.gz,2
2194.nii.gz,2
2454.nii.gz,2
2003.nii.gz,2
5391.nii.gz,0
3732.nii.gz,1
5593.nii.gz,1
2950.nii.gz,1
5479.nii.gz,2
504.nii.gz,0
2167.nii.gz,2
1137.nii.gz,0
2473.nii.gz,2
3255.nii.gz,1
163.nii.gz,0
3253.nii.gz,1
461.nii.gz,0
1024.nii.gz,0
789.nii.gz,0
2193.nii.gz,2
2668.nii.gz,2
4302.nii.gz,1
3105.nii.gz,1
3852.nii.gz,1
1875.nii.gz,2
2176.nii.gz,2
3510.nii.gz,1
1734.nii.gz,2
2527.nii.gz,2
4093.nii.gz,1
1566.nii.gz,2
2632.nii.gz,2
1621.nii.gz,2
5597.nii.gz,1
4321.nii.gz,1
3906.nii.gz,1
2161.nii.gz,2
3530.nii.gz,1
2120.nii.gz,2
4002.nii.gz,1
3913.nii.gz,1
1795.nii.gz,2
2931.nii.gz,1
3049.nii.gz,1
5640.nii.gz,1
1681.nii.gz,2
2287.nii.gz,2
1942.nii.gz,2
200.nii.gz,0
2953.nii.gz,1
3060.nii.gz,1
3470.nii.gz,1
689.nii.gz,0
4311.nii.gz,1
3468.nii.gz,1
5343.nii.gz,0
4282.nii.gz,1
4123.nii.gz,1
3463.nii.gz,1
4349.nii.gz,1
3514.nii.gz,1
5730.nii.gz,1
5428.nii.gz,0
3749.nii.gz,1
4008.nii.gz,1
117.nii.gz,0
3611.nii.gz,1
3865.nii.gz,1
3201.nii.gz,1
567.nii.gz,0
2053.nii.gz,2
3433.nii.gz,1
1194.nii.gz,2
3827.nii.gz,1
4284.nii.gz,1
3007.nii.gz,1
4014.nii.gz,1
1463.nii.gz,2
3836.nii.gz,1
3553.nii.gz,1
4261.nii.gz,1
1701.nii.gz,2
2155.nii.gz,2
1928.nii.gz,2
3119.nii.gz,1
5734.nii.gz,1
3102.nii.gz,1
202.nii.gz,0
2112.nii.gz,2
282.nii.gz,0
435.nii.gz,0
438.nii.gz,0
1857.nii.gz,2
2140.nii.gz,2
732.nii.gz,0
1285.nii.gz,2
3943.nii.gz,1
3135.nii.gz,1
1819.nii.gz,2
1453.nii.gz,2
1697.nii.gz,2
1821.nii.gz,2
1409.nii.gz,2
5396.nii.gz,0
1088.nii.gz,0
3838.nii.gz,1
5418.nii.gz,0
5442.nii.gz,0
672.nii.gz,0
2981.nii.gz,1
487.nii.gz,0
4022.nii.gz,1
4108.nii.gz,1
256.nii.gz,0
1340.nii.gz,2
2043.nii.gz,2
428.nii.gz,0
4297.nii.gz,1
4115.nii.gz,1
3104.nii.gz,1
3156.nii.gz,1
297.nii.gz,0
1436.nii.gz,2
1519.nii.gz,2
1097.nii.gz,0
3967.nii.gz,1
5632.nii.gz,1
3769.nii.gz,1
3658.nii.gz,1
3600.nii.gz,1
1286.nii.gz,2
2045.nii.gz,2
1205.nii.gz,2
3429.nii.gz,1
399.nii.gz,0
1572.nii.gz,2
3195.nii.gz,1
681.nii.gz,0
330.nii.gz,0
731.nii.gz,0
3096.nii.gz,1
2459.nii.gz,2
1482.nii.gz,2
999.nii.gz,0
2304.nii.gz,2
3499.nii.gz,1
2904.nii.gz,1
1084.nii.gz,0
5489.nii.gz,2
2254.nii.gz,2
528.nii.gz,0
1852.nii.gz,2
2598.nii.gz,2
555.nii.gz,0
2276.nii.gz,2
5698.nii.gz,1
573.nii.gz,0
3100.nii.gz,1
5642.nii.gz,1
3115.nii.gz,1
4210.nii.gz,1
1220.nii.gz,2
1223.nii.gz,2
3040.nii.gz,1
2119.nii.gz,2
5445.nii.gz,0
5713.nii.gz,1
4307.nii.gz,1
2302.nii.gz,2
2015.nii.gz,2
1509.nii.gz,2
4035.nii.gz,1
620.nii.gz,0
1606.nii.gz,2
1751.nii.gz,2
3940.nii.gz,1
5638.nii.gz,1
253.nii.gz,0
4243.nii.gz,1
3773.nii.gz,1
215.nii.gz,0
5767.nii.gz,1
4303.nii.gz,1
2475.nii.gz,2
1183.nii.gz,2
2601.nii.gz,2
1368.nii.gz,2
3573.nii.gz,1
1496.nii.gz,2
3167.nii.gz,1
1085.nii.gz,0
5718.nii.gz,1
1105.nii.gz,0
2929.nii.gz,1
3423.nii.gz,1
1803.nii.gz,2
3318.nii.gz,1
1919.nii.gz,2
2424.nii.gz,2
1736.nii.gz,2
1093.nii.gz,0
1517.nii.gz,2
1625.nii.gz,2
3649.nii.gz,1
3598.nii.gz,1
341.nii.gz,0
2692.nii.gz,2
1583.nii.gz,2
2726.nii.gz,2
3196.nii.gz,1
5658.nii.gz,1
5598.nii.gz,1
3877.nii.gz,1
160.nii.gz,0
426.nii.gz,0
3322.nii.gz,1
1398.nii.gz,2
585.nii.gz,0
2644.nii.gz,2
5434.nii.gz,0
2170.nii.gz,2
1895.nii.gz,2
3621.nii.gz,1
5709.nii.gz,1
3676.nii.gz,1
312.nii.gz,0
5744.nii.gz,1
1444.nii.gz,2
3373.nii.gz,1
5755.nii.gz,1
709.nii.gz,0
300.nii.gz,0
5696.nii.gz,1
1916.nii.gz,2
1230.nii.gz,2
658.nii.gz,0
2252.nii.gz,2
4015.nii.gz,1
305.nii.gz,0
2621.nii.gz,2
4086.nii.gz,1
2218.nii.gz,2
2298.nii.gz,2
3073.nii.gz,1
2142.nii.gz,2
1739.nii.gz,2
4037.nii.gz,1
3881.nii.gz,1
460.nii.gz,0
5455.nii.gz,0
2436.nii.gz,2
4341.nii.gz,1
1866.nii.gz,2
1682.nii.gz,2
3401.nii.gz,1
1179.nii.gz,2
185.nii.gz,0
336.nii.gz,0
3302.nii.gz,1
3089.nii.gz,1
1111.nii.gz,0
2433.nii.gz,2
3688.nii.gz,1
3316.nii.gz,1
135.nii.gz,0
2470.nii.gz,2
3521.nii.gz,1
1508.nii.gz,2
4269.nii.gz,1
2243.nii.gz,2
3421.nii.gz,1
2976.nii.gz,1
3251.nii.gz,1
3174.nii.gz,1
3883.nii.gz,1
241.nii.gz,0
5779.nii.gz,1
1373.nii.gz,2
2026.nii.gz,2
671.nii.gz,0
4155.nii.gz,1
5705.nii.gz,1
3074.nii.gz,1
796.nii.gz,0
596.nii.gz,0
427.nii.gz,0
2259.nii.gz,2
2891.nii.gz,1
3415.nii.gz,1
3580.nii.gz,1
1618.nii.gz,2
4323.nii.gz,1
3628.nii.gz,1
2010.nii.gz,2
2190.nii.gz,2
1588.nii.gz,2
1780.nii.gz,2
4127.nii.gz,1
677.nii.gz,0
3820.nii.gz,1
1462.nii.gz,2
502.nii.gz,0
1755.nii.gz,2
5702.nii.gz,1
5480.nii.gz,2
980.nii.gz,0
3577.nii.gz,1
1945.nii.gz,2
204.nii.gz,0
1321.nii.gz,2
1986.nii.gz,2
3930.nii.gz,1
3742.nii.gz,1
522.nii.gz,0
1411.nii.gz,2
648.nii.gz,0
4169.nii.gz,1
415.nii.gz,0
3394.nii.gz,1
3949.nii.gz,1
3566.nii.gz,1
5600.nii.gz,1
2970.nii.gz,1
2902.nii.gz,1
3016.nii.gz,1
530.nii.gz,0
5701.nii.gz,1
298.nii.gz,0
1991.nii.gz,2
3539.nii.gz,1
1425.nii.gz,2
2983.nii.gz,1
2261.nii.gz,2
3386.nii.gz,1
495.nii.gz,0
2930.nii.gz,1
3482.nii.gz,1
699.nii.gz,0
673.nii.gz,0
3927.nii.gz,1
1837.nii.gz,2
4338.nii.gz,1
958.nii.gz,0
1281.nii.gz,2
611.nii.gz,0
4091.nii.gz,1
2148.nii.gz,2
842.nii.gz,0
853.nii.gz,0
2107.nii.gz,2
1231.nii.gz,2
285.nii.gz,0
591.nii.gz,0
2965.nii.gz,1
1936.nii.gz,2
5400.nii.gz,0
2966.nii.gz,1
3363.nii.gz,1
4027.nii.gz,1
2935.nii.gz,1
1717.nii.gz,2
1112.nii.gz,0
865.nii.gz,0
959.nii.gz,0
562.nii.gz,0
995.nii.gz,0
1479.nii.gz,2
692.nii.gz,0
3640.nii.gz,1
1171.nii.gz,2
534.nii.gz,0
5478.nii.gz,2
437.nii.gz,0
2946.nii.gz,1
4104.nii.gz,1
2312.nii.gz,2
3344.nii.gz,1
1869.nii.gz,2
5654.nii.gz,1
2994.nii.gz,1
1881.nii.gz,2
3329.nii.gz,1
411.nii.gz,0
2116.nii.gz,2
2239.nii.gz,2
3873.nii.gz,1
1148.nii.gz,0
5537.nii.gz,2
630.nii.gz,0
1850.nii.gz,2
5469.nii.gz,2
4218.nii.gz,1
529.nii.gz,0
3535.nii.gz,1
423.nii.gz,0
214.nii.gz,0
4344.nii.gz,1
3474.nii.gz,1
2431.nii.gz,2
5746.nii.gz,1
3689.nii.gz,1
5699.nii.gz,1
1481.nii.gz,2
1388.nii.gz,2
4232.nii.gz,1
1826.nii.gz,2
3258.nii.gz,1
1421.nii.gz,2
2209.nii.gz,2
1943.nii.gz,2
3812.nii.gz,1
3721.nii.gz,1
490.nii.gz,0
2099.nii.gz,2
3985.nii.gz,1
1485.nii.gz,2
781.nii.gz,0
472.nii.gz,0
1563.nii.gz,2
4257.nii.gz,1
3023.nii.gz,1
1455.nii.gz,2
3015.nii.gz,1
3969.nii.gz,1
3686.nii.gz,1
2079.nii.gz,2
1386.nii.gz,2
3685.nii.gz,1
1940.nii.gz,2
3549.nii.gz,1
4159.nii.gz,1
609.nii.gz,0
805.nii.gz,0
4212.nii.gz,1
838.nii.gz,0
651.nii.gz,0
1374.nii.gz,2
1854.nii.gz,2
2141.nii.gz,2
1842.nii.gz,2
2429.nii.gz,2
1211.nii.gz,2
5733.nii.gz,1
2358.nii.gz,2
3094.nii.gz,1
2231.nii.gz,2
269.nii.gz,0
708.nii.gz,0
3026.nii.gz,1
1523.nii.gz,2
3358.nii.gz,1
1762.nii.gz,2
245.nii.gz,0
3500.nii.gz,1
2687.nii.gz,2
3857.nii.gz,1
171.nii.gz,0
619.nii.gz,0
954.nii.gz,0
1309.nii.gz,2
1724.nii.gz,2
3793.nii.gz,1
4274.nii.gz,1
2389.nii.gz,2
4255.nii.gz,1
3540.nii.gz,1
1706.nii.gz,2
155.nii.gz,0
1300.nii.gz,2
5686.nii.gz,1
2479.nii.gz,2
3953.nii.gz,1
5761.nii.gz,1
3864.nii.gz,1
5475.nii.gz,2
1530.nii.gz,2
561.nii.gz,0
2390.nii.gz,2
325.nii.gz,0
3700.nii.gz,1
3858.nii.gz,1
466.nii.gz,0
3286.nii.gz,1
2181.nii.gz,2
4057.nii.gz,1
1271.nii.gz,2
481.nii.gz,0
4132.nii.gz,1
1969.nii.gz,2
1953.nii.gz,2
458.nii.gz,0
3512.nii.gz,1
2258.nii.gz,2
1593.nii.gz,2
5599.nii.gz,1
541.nii.gz,0
3993.nii.gz,1
1676.nii.gz,2
347.nii.gz,0
2133.nii.gz,2
2333.nii.gz,2
810.nii.gz,0
1793.nii.gz,2
1108.nii.gz,0
2109.nii.gz,2
4280.nii.gz,1
2009.nii.gz,2
128.nii.gz,0
5457.nii.gz,0
661.nii.gz,0
3112.nii.gz,1
2579.nii.gz,2
2318.nii.gz,2
4301.nii.gz,1
148.nii.gz,0
2491.nii.gz,2
2310.nii.gz,2
424.nii.gz,0
497.nii.gz,0
3160.nii.gz,1
4236.nii.gz,1
133.nii.gz,0
3123.nii.gz,1
1146.nii.gz,0
3562.nii.gz,1
4021.nii.gz,1
369.nii.gz,0
5550.nii.gz,1
5419.nii.gz,0
968.nii.gz,0
363.nii.gz,0
3802.nii.gz,1
2326.nii.gz,2
3522.nii.gz,1
2047.nii.gz,2
2975.nii.gz,1
3467.nii.gz,1
1454.nii.gz,2
4235.nii.gz,1
4099.nii.gz,1
420.nii.gz,0
5684.nii.gz,1
4157.nii.gz,1
581.nii.gz,0
3783.nii.gz,1
1332.nii.gz,2
201.nii.gz,0
740.nii.gz,0
2074.nii.gz,2
218.nii.gz,0
2249.nii.gz,2
1353.nii.gz,2
1678.nii.gz,2
1297.nii.gz,2
2184.nii.gz,2
3050.nii.gz,1
4248.nii.gz,1
2684.nii.gz,2
2027.nii.gz,2
3449.nii.gz,1
3803.nii.gz,1
5540.nii.gz,1
3723.nii.gz,1
4095.nii.gz,1
2191.nii.gz,2
2296.nii.gz,2
3154.nii.gz,1
3416.nii.gz,1
3321.nii.gz,1
2654.nii.gz,2
3409.nii.gz,1
4135.nii.gz,1
3293.nii.gz,1
4327.nii.gz,1
2143.nii.gz,2
2917.nii.gz,1
1956.nii.gz,2
2374.nii.gz,2
1656.nii.gz,2
5689.nii.gz,1
2415.nii.gz,2
675.nii.gz,0
230.nii.gz,0
2186.nii.gz,2
3677.nii.gz,1
3956.nii.gz,1
3558.nii.gz,1
1007.nii.gz,0
292.nii.gz,0
156.nii.gz,0
2163.nii.gz,2
3674.nii.gz,1
5552.nii.gz,1
5441.nii.gz,0
3669.nii.gz,1
1784.nii.gz,2
192.nii.gz,0
4052.nii.gz,1
1823.nii.gz,2
1473.nii.gz,2
1685.nii.gz,2
2512.nii.gz,2
4319.nii.gz,1
3315.nii.gz,1
5753.nii.gz,1
3762.nii.gz,1
97.nii.gz,0
1476.nii.gz,2
3151.nii.gz,1
454.nii.gz,0
531.nii.gz,0
162.nii.gz,0
1124.nii.gz,0
2375.nii.gz,2
2556.nii.gz,2
1103.nii.gz,0
3994.nii.gz,1
3804.nii.gz,1
3166.nii.gz,1
2968.nii.gz,1
244.nii.gz,0
3918.nii.gz,1
2090.nii.gz,2
389.nii.gz,0
2262.nii.gz,2
3810.nii.gz,1
1767.nii.gz,2
2558.nii.gz,2
1646.nii.gz,2
1026.nii.gz,0
2366.nii.gz,2
3712.nii.gz,1
1731.nii.gz,2
4192.nii.gz,1
3068.nii.gz,1
4176.nii.gz,1
1155.nii.gz,0
3444.nii.gz,1
5596.nii.gz,1
2897.nii.gz,1
5538.nii.gz,2
4117.nii.gz,1
4250.nii.gz,1
1053.nii.gz,0
5547.nii.gz,1
3041.nii.gz,1
3616.nii.gz,1
1800.nii.gz,2
1785.nii.gz,2
3212.nii.gz,1
1117.nii.gz,0
451.nii.gz,0
2291.nii.gz,2
144.nii.gz,0
992.nii.gz,0
634.nii.gz,0
2303.nii.gz,2
515.nii.gz,0
1187.nii.gz,2
4094.nii.gz,1
2169.nii.gz,2
3399.nii.gz,1
3581.nii.gz,1
1394.nii.gz,2
1044.nii.gz,0
4133.nii.gz,1
798.nii.gz,0
3486.nii.gz,1
1575.nii.gz,2
4346.nii.gz,1
400.nii.gz,0
547.nii.gz,0
5433.nii.gz,0
670.nii.gz,0
2130.nii.gz,2
5344.nii.gz,0
3380.nii.gz,1
2547.nii.gz,2
3931.nii.gz,1
197.nii.gz,0
3101.nii.gz,1
1406.nii.gz,2
3902.nii.gz,1
3204.nii.gz,1
1165.nii.gz,2
234.nii.gz,0
3004.nii.gz,1
857.nii.gz,0
468.nii.gz,0
844.nii.gz,0
3335.nii.gz,1
4222.nii.gz,1
1545.nii.gz,2
361.nii.gz,0
1709.nii.gz,2
1299.nii.gz,2
1804.nii.gz,2
431.nii.gz,0
310.nii.gz,0
2954.nii.gz,1
4322.nii.gz,1
5711.nii.gz,1
2467.nii.gz,2
5666.nii.gz,1
1546.nii.gz,2
503.nii.gz,0
3446.nii.gz,1
764.nii.gz,0
1003.nii.gz,0
4309.nii.gz,1
1925.nii.gz,2
1538.nii.gz,2
5453.nii.gz,0
5369.nii.gz,0
4154.nii.gz,1
250.nii.gz,0
5381.nii.gz,0
205.nii.gz,0
94.nii.gz,0
5513.nii.gz,2
3604.nii.gz,1
1472.nii.gz,2
770.nii.gz,0
499.nii.gz,0
1499.nii.gz,2
2105.nii.gz,2
5551.nii.gz,1
1888.nii.gz,2
5465.nii.gz,2
3715.nii.gz,1
4339.nii.gz,1
4101.nii.gz,1
1502.nii.gz,2
2960.nii.gz,1
4353.nii.gz,1
3036.nii.gz,1
2156.nii.gz,2
1042.nii.gz,0
778.nii.gz,0
3547.nii.gz,1
1200.nii.gz,2
1747.nii.gz,2
2081.nii.gz,2
1960.nii.gz,2
2004.nii.gz,2
3846.nii.gz,1
5648.nii.gz,1
1039.nii.gz,0
1887.nii.gz,2
597.nii.gz,0
1065.nii.gz,0
5506.nii.gz,2
2228.nii.gz,2
2422.nii.gz,2
1276.nii.gz,2
1624.nii.gz,2
1723.nii.gz,2
2182.nii.gz,2
1337.nii.gz,2
1431.nii.gz,2
1885.nii.gz,2
465.nii.gz,0
2147.nii.gz,2
3627.nii.gz,1
5682.nii.gz,1
2449.nii.gz,2
3496.nii.gz,1
550.nii.gz,0
1768.nii.gz,2
1489.nii.gz,2
4070.nii.gz,1
1402.nii.gz,2
1913.nii.gz,2
2174.nii.gz,2
1328.nii.gz,2
1090.nii.gz,0
394.nii.gz,0
2572.nii.gz,2
693.nii.gz,0
4228.nii.gz,1
1531.nii.gz,2
2453.nii.gz,2
1296.nii.gz,2
3757.nii.gz,1
1261.nii.gz,2
729.nii.gz,0
871.nii.gz,0
1820.nii.gz,2
2260.nii.gz,2
418.nii.gz,0
3345.nii.gz,1
4012.nii.gz,1
1867.nii.gz,2
5567.nii.gz,1
339.nii.gz,0
3856.nii.gz,1
111.nii.gz,0
4190.nii.gz,1
2447.nii.gz,2
5671.nii.gz,1
1030.nii.gz,0
572.nii.gz,0
317.nii.gz,0
1782.nii.gz,2
2509.nii.gz,2
2588.nii.gz,2
2972.nii.gz,1
452.nii.gz,0
4238.nii.gz,1
3719.nii.gz,1
1267.nii.gz,2
2576.nii.gz,2
3899.nii.gz,1
3152.nii.gz,1
3948.nii.gz,1
1390.nii.gz,2
2633.nii.gz,2
2717.nii.gz,2
362.nii.gz,0
3579.nii.gz,1
3571.nii.gz,1
3478.nii.gz,1
1415.nii.gz,2
4300.nii.gz,1
750.nii.gz,0
5677.nii.gz,1
343.nii.gz,0
4285.nii.gz,1
722.nii.gz,0
1365.nii.gz,2
3610.nii.gz,1
213.nii.gz,0
4036.nii.gz,1
3376.nii.gz,1
1403.nii.gz,2
2386.nii.gz,2
2555.nii.gz,2
5368.nii.gz,0
1475.nii.gz,2
3728.nii.gz,1
2281.nii.gz,2
2122.nii.gz,2
3059.nii.gz,1
2088.nii.gz,2
1855.nii.gz,2
2678.nii.gz,2
491.nii.gz,0
2345.nii.gz,2
700.nii.gz,0
3905.nii.gz,1
1448.nii.gz,2
544.nii.gz,0
649.nii.gz,0
3283.nii.gz,1
1500.nii.gz,2
5373.nii.gz,0
1520.nii.gz,2
2407.nii.gz,2
1161.nii.gz,0
228.nii.gz,0
3690.nii.gz,1
3642.nii.gz,1
342.nii.gz,0
5379.nii.gz,0
315.nii.gz,0
4106.nii.gz,1
96.nii.gz,0
823.nii.gz,0
4153.nii.gz,1
349.nii.gz,0
3575.nii.gz,1
3054.nii.gz,1
3714.nii.gz,1
2150.nii.gz,2
3513.nii.gz,1
1914.nii.gz,2
1015.nii.gz,0
5656.nii.gz,1
3419.nii.gz,1
2412.nii.gz,2
4128.nii.gz,1
3147.nii.gz,1
843.nii.gz,0
358.nii.gz,0
2923.nii.gz,1
1242.nii.gz,2
1449.nii.gz,2
4347.nii.gz,1
3847.nii.gz,1
2636.nii.gz,2
4271.nii.gz,1
348.nii.gz,0
713.nii.gz,0
265.nii.gz,0
5602.nii.gz,1
2056.nii.gz,2
1249.nii.gz,2
3718.nii.gz,1
5645.nii.gz,1
2006.nii.gz,2
417.nii.gz,0
1661.nii.gz,2
1323.nii.gz,2
3897.nii.gz,1
1320.nii.gz,2
1159.nii.gz,0
1287.nii.gz,2
776.nii.gz,0
1799.nii.gz,2
1002.nii.gz,0
5685.nii.gz,1
1400.nii.gz,2
5772.nii.gz,1
1055.nii.gz,0
565.nii.gz,0
1949.nii.gz,2
3654.nii.gz,1
479.nii.gz,0
2085.nii.gz,2
1729.nii.gz,2
1016.nii.gz,0
3003.nii.gz,1
3532.nii.gz,1
3186.nii.gz,1
4211.nii.gz,1
1168.nii.gz,2
1131.nii.gz,0
445.nii.gz,0
1638.nii.gz,2
3032.nii.gz,1
1102.nii.gz,0
1115.nii.gz,0
2623.nii.gz,2
4332.nii.gz,1
1434.nii.gz,2
632.nii.gz,0
152.nii.gz,0
1776.nii.gz,2
1319.nii.gz,2
1574.nii.gz,2
2280.nii.gz,2
3222.nii.gz,1
1446.nii.gz,2
3991.nii.gz,1
3305.nii.gz,1
1078.nii.gz,0
1996.nii.gz,2
1627.nii.gz,2
1382.nii.gz,2
5518.nii.gz,2
425.nii.gz,0
2111.nii.gz,2
644.nii.gz,0
5511.nii.gz,2
3998.nii.gz,1
1694.nii.gz,2
1284.nii.gz,2
5376.nii.gz,0
1303.nii.gz,2
5492.nii.gz,2
1237.nii.gz,2
4039.nii.gz,1
1308.nii.gz,2
314.nii.gz,0
2371.nii.gz,2
4110.nii.gz,1
2309.nii.gz,2
4229.nii.gz,1
2114.nii.gz,2
3764.nii.gz,1
243.nii.gz,0
3357.nii.gz,1
360.nii.gz,0
2898.nii.gz,1
2639.nii.gz,2
3093.nii.gz,1
3817.nii.gz,1
2624.nii.gz,2
3701.nii.gz,1
3593.nii.gz,1
1937.nii.gz,2
102.nii.gz,0
5566.nii.gz,1
2645.nii.gz,2
189.nii.gz,0
1329.nii.gz,2
4213.nii.gz,1
543.nii.gz,0
1972.nii.gz,2
623.nii.gz,0
3465.nii.gz,1
633.nii.gz,0
3327.nii.gz,1
2372.nii.gz,2
3459.nii.gz,1
5387.nii.gz,0
3885.nii.gz,1
518.nii.gz,0
1653.nii.gz,2
2222.nii.gz,2
496.nii.gz,0
1270.nii.gz,2
1645.nii.gz,2
869.nii.gz,0
1839.nii.gz,2
3614.nii.gz,1
5693.nii.gz,1
582.nii.gz,0
1874.nii.gz,2
1497.nii.gz,2
2068.nii.gz,2
556.nii.gz,0
990.nii.gz,0
3554.nii.gz,1
1234.nii.gz,2
2596.nii.gz,2
3653.nii.gz,1
3944.nii.gz,1
2136.nii.gz,2
2213.nii.gz,2
3761.nii.gz,1
5503.nii.gz,2
3854.nii.gz,1
2995.nii.gz,1
639.nii.gz,0
3143.nii.gz,1
2248.nii.gz,2
3501.nii.gz,1
3425.nii.gz,1
2008.nii.gz,2
5408.nii.gz,0
3053.nii.gz,1
3821.nii.gz,1
3323.nii.gz,1
1021.nii.gz,0
198.nii.gz,0
1547.nii.gz,2
571.nii.gz,0
4092.nii.gz,1
1988.nii.gz,2
3110.nii.gz,1
1980.nii.gz,2
2925.nii.gz,1
5678.nii.gz,1
2924.nii.gz,1
5769.nii.gz,1
2618.nii.gz,2
3972.nii.gz,1
2427.nii.gz,2
4245.nii.gz,1
2955.nii.gz,1
5446.nii.gz,0
3248.nii.gz,1
1486.nii.gz,2
4072.nii.gz,1
1369.nii.gz,2
2257.nii.gz,2
1679.nii.gz,2
5669.nii.gz,1
5535.nii.gz,2
646.nii.gz,0
5747.nii.gz,1
5721.nii.gz,1
2217.nii.gz,2
519.nii.gz,0
4088.nii.gz,1
1465.nii.gz,2
1941.nii.gz,2
1376.nii.gz,2
3866.nii.gz,1
1349.nii.gz,2
3975.nii.gz,1
1561.nii.gz,2
638.nii.gz,0
1173.nii.gz,2
100.nii.gz,0
2146.nii.gz,2
3582.nii.gz,1
5361.nii.gz,0
3043.nii.gz,1
1429.nii.gz,2
5735.nii.gz,1
1977.nii.gz,2
2723.nii.gz,2
2073.nii.gz,2
3693.nii.gz,1
5770.nii.gz,1
4089.nii.gz,1
2952.nii.gz,1
1704.nii.gz,2
1401.nii.gz,2
1312.nii.gz,2
981.nii.gz,0
4288.nii.gz,1
845.nii.gz,0
1674.nii.gz,2
1395.nii.gz,2
4020.nii.gz,1
3706.nii.gz,1
3289.nii.gz,1
1467.nii.gz,2
3716.nii.gz,1
2643.nii.gz,2
1787.nii.gz,2
1450.nii.gz,2
3565.nii.gz,1
1318.nii.gz,2
3550.nii.gz,1
691.nii.gz,0
4242.nii.gz,1
1688.nii.gz,2
3529.nii.gz,1
4085.nii.gz,1
3849.nii.gz,1
5646.nii.gz,1
704.nii.gz,0
1822.nii.gz,2
4188.nii.gz,1
549.nii.gz,0
608.nii.gz,0
4345.nii.gz,1
3308.nii.gz,1
1307.nii.gz,2
1056.nii.gz,0
3665.nii.gz,1
4207.nii.gz,1
3924.nii.gz,1
306.nii.gz,0
5392.nii.gz,0
3867.nii.gz,1
5495.nii.gz,2
337.nii.gz,0
3391.nii.gz,1
159.nii.gz,0
1110.nii.gz,0
433.nii.gz,0
237.nii.gz,0
1190.nii.gz,2
5512.nii.gz,2
1432.nii.gz,2
3590.nii.gz,1
3559.nii.gz,1
2354.nii.gz,2
1718.nii.gz,2
3384.nii.gz,1
1441.nii.gz,2
1745.nii.gz,2
322.nii.gz,0
255.nii.gz,0
4251.nii.gz,1
5592.nii.gz,1
653.nii.gz,0
3447.nii.gz,1
3426.nii.gz,1
2974.nii.gz,1
2480.nii.gz,2
822.nii.gz,0
877.nii.gz,0
2920.nii.gz,1
1122.nii.gz,0
443.nii.gz,0
3337.nii.gz,1
141.nii.gz,0
1121.nii.gz,0
4234.nii.gz,1
110.nii.gz,0
3214.nii.gz,1
962.nii.gz,0
976.nii.gz,0
3673.nii.gz,1
521.nii.gz,0
2402.nii.gz,2
2531.nii.gz,2
3597.nii.gz,1
2292.nii.gz,2
1201.nii.gz,2
2617.nii.gz,2
2721.nii.gz,2
2977.nii.gz,1
2674.nii.gz,2
3351.nii.gz,1
5695.nii.gz,1
2100.nii.gz,2
3952.nii.gz,1
1378.nii.gz,2
2377.nii.gz,2
1668.nii.gz,2
3299.nii.gz,1
1877.nii.gz,2
3707.nii.gz,1
3746.nii.gz,1
4067.nii.gz,1
3057.nii.gz,1
5491.nii.gz,2
4312.nii.gz,1
2350.nii.gz,2
3711.nii.gz,1
1327.nii.gz,2
1439.nii.gz,2
99.nii.gz,0
1207.nii.gz,2
4031.nii.gz,1
5411.nii.gz,0
3022.nii.gz,1
2679.nii.gz,2
3020.nii.gz,1
2348.nii.gz,2
1017.nii.gz,0
329.nii.gz,0
1673.nii.gz,2
3342.nii.gz,1
3310.nii.gz,1
705.nii.gz,0
1623.nii.gz,2
615.nii.gz,0
4281.nii.gz,1
3751.nii.gz,1
1876.nii.gz,2
5750.nii.gz,1
2347.nii.gz,2
1816.nii.gz,2
3126.nii.gz,1
5426.nii.gz,0
5741.nii.gz,1
1596.nii.gz,2
2042.nii.gz,2
2323.nii.gz,2
1414.nii.gz,2
2361.nii.gz,2
3165.nii.gz,1
5542.nii.gz,1
2129.nii.gz,2
696.nii.gz,0
3816.nii.gz,1
723.nii.gz,0
1048.nii.gz,0
759.nii.gz,0
4000.nii.gz,1
5509.nii.gz,2
2622.nii.gz,2
2665.nii.gz,2
273.nii.gz,0
2951.nii.gz,1
90.nii.gz,0
783.nii.gz,0
5431.nii.gz,0
333.nii.gz,0
164.nii.gz,0
291.nii.gz,0
327.nii.gz,0
1469.nii.gz,2
2039.nii.gz,2
3955.nii.gz,1
1594.nii.gz,2
793.nii.gz,0
3692.nii.gz,1
3730.nii.gz,1
2635.nii.gz,2
988.nii.gz,0
271.nii.gz,0
1138.nii.gz,0
1239.nii.gz,2
396.nii.gz,0
3307.nii.gz,1
3194.nii.gz,1
5737.nii.gz,1
2919.nii.gz,1
3639.nii.gz,1
1808.nii.gz,2
3657.nii.gz,1
2102.nii.gz,2
3076.nii.gz,1
3683.nii.gz,1
3741.nii.gz,1
4173.nii.gz,1
1333.nii.gz,2
1848.nii.gz,2
559.nii.gz,0
3853.nii.gz,1
2080.nii.gz,2
2591.nii.gz,2
5675.nii.gz,1
3830.nii.gz,1
1589.nii.gz,2
600.nii.gz,0
3891.nii.gz,1
1878.nii.gz,2
1710.nii.gz,2
353.nii.gz,0
2464.nii.gz,2
5371.nii.gz,0
303.nii.gz,0
407.nii.gz,0
3996.nii.gz,1
290.nii.gz,0
5651.nii.gz,1
1788.nii.gz,2
977.nii.gz,0
5367.nii.gz,0
3766.nii.gz,1
3457.nii.gz,1
1206.nii.gz,2
1733.nii.gz,2
1035.nii.gz,0
5543.nii.gz,1
2719.nii.gz,2
1136.nii.gz,0
3058.nii.gz,1
286.nii.gz,0
4010.nii.gz,1
3622.nii.gz,1
5712.nii.gz,1
806.nii.gz,0
5505.nii.gz,2
4140.nii.gz,1
1275.nii.gz,2
1504.nii.gz,2
3227.nii.gz,1
1057.nii.gz,0
2401.nii.gz,2
354.nii.gz,0
3771.nii.gz,1
3782.nii.gz,1
1034.nii.gz,0
827.nii.gz,0
240.nii.gz,0
1522.nii.gz,2
1266.nii.gz,2
826.nii.gz,0
1058.nii.gz,0
3090.nii.gz,1
3516.nii.gz,1
113.nii.gz,0
3138.nii.gz,1
2152.nii.gz,2
4016.nii.gz,1
1413.nii.gz,2
5757.nii.gz,1
3915.nii.gz,1
2709.nii.gz,2
2183.nii.gz,2
1535.nii.gz,2
4298.nii.gz,1
351.nii.gz,0
4330.nii.gz,1
401.nii.gz,0
2672.nii.gz,2
2000.nii.gz,2
1900.nii.gz,2
1707.nii.gz,2
1847.nii.gz,2
4186.nii.gz,1
3787.nii.gz,1
1033.nii.gz,0
2062.nii.gz,2
130.nii.gz,0
266.nii.gz,0
2465.nii.gz,2
3301.nii.gz,1
799.nii.gz,0
1163.nii.gz,0
4334.nii.gz,1
576.nii.gz,0
967.nii.gz,0
1059.nii.gz,0
4227.nii.gz,1
3986.nii.gz,1
1642.nii.gz,2
3823.nii.gz,1
4129.nii.gz,1
1841.nii.gz,2
2087.nii.gz,2
1997.nii.gz,2
109.nii.gz,0
5722.nii.gz,1
811.nii.gz,0
1551.nii.gz,2
2725.nii.gz,2
3587.nii.gz,1
3945.nii.gz,1
2024.nii.gz,2
1254.nii.gz,2
2076.nii.gz,2
3959.nii.gz,1
506.nii.gz,0
2315.nii.gz,2
1222.nii.gz,2
1348.nii.gz,2
1923.nii.gz,2
3063.nii.gz,1
2185.nii.gz,2
4166.nii.gz,1
3971.nii.gz,1
2589.nii.gz,2
3643.nii.gz,1
220.nii.gz,0
379.nii.gz,0
1250.nii.gz,2
1087.nii.gz,0
525.nii.gz,0
1310.nii.gz,2
1466.nii.gz,2
3407.nii.gz,1
4326.nii.gz,1
1859.nii.gz,2
1106.nii.gz,0
1711.nii.gz,2
2421.nii.gz,2
3882.nii.gz,1
654.nii.gz,0
513.nii.gz,0
1536.nii.gz,2
1543.nii.gz,2
4082.nii.gz,1
5353.nii.gz,0
3472.nii.gz,1
2127.nii.gz,2
138.nii.gz,0
3012.nii.gz,1
5470.nii.gz,2
1393.nii.gz,2
2666.nii.gz,2
1557.nii.gz,2
2649.nii.gz,2
1608.nii.gz,2
864.nii.gz,0
3372.nii.gz,1
3717.nii.gz,1
4023.nii.gz,1
669.nii.gz,0
106.nii.gz,0
2206.nii.gz,2
3219.nii.gz,1
429.nii.gz,0
4125.nii.gz,1
1801.nii.gz,2
5390.nii.gz,0
1716.nii.gz,2
2391.nii.gz,2
3168.nii.gz,1
5629.nii.gz,1
2441.nii.gz,2
3731.nii.gz,1
1817.nii.gz,2
1341.nii.gz,2
5541.nii.gz,1
4351.nii.gz,1
5439.nii.gz,0
5354.nii.gz,0
997.nii.gz,0
2242.nii.gz,2
830.nii.gz,0
1935.nii.gz,2
5504.nii.gz,2
1548.nii.gz,2
1221.nii.gz,2
3694.nii.gz,1
3636.nii.gz,1
1046.nii.gz,0
262.nii.gz,0
5415.nii.gz,0
1257.nii.gz,2
505.nii.gz,0
1113.nii.gz,0
1911.nii.gz,2
5476.nii.gz,2
4050.nii.gz,1
1050.nii.gz,0
1258.nii.gz,2
784.nii.gz,0
2711.nii.gz,2
4310.nii.gz,1
2462.nii.gz,2
3938.nii.gz,1
3752.nii.gz,1
4038.nii.gz,1
4331.nii.gz,1
2607.nii.gz,2
4073.nii.gz,1
4328.nii.gz,1
4019.nii.gz,1
2740.nii.gz,2
2539.nii.gz,2
1426.nii.gz,2
1813.nii.gz,2
203.nii.gz,0
3509.nii.gz,1
657.nii.gz,0
2899.nii.gz,1
4084.nii.gz,1
2573.nii.gz,2
2225.nii.gz,2
3608.nii.gz,1
726.nii.gz,0
5742.nii.gz,1
1004.nii.gz,0
727.nii.gz,0
647.nii.gz,0
4291.nii.gz,1
3120.nii.gz,1
5450.nii.gz,0
1858.nii.gz,2
4134.nii.gz,1
3247.nii.gz,1
5637.nii.gz,1
1944.nii.gz,2
3250.nii.gz,1
3531.nii.gz,1
667.nii.gz,0
453.nii.gz,0
1686.nii.gz,2
3216.nii.gz,1
3484.nii.gz,1
2661.nii.gz,2
1871.nii.gz,2
1974.nii.gz,2
1126.nii.gz,0
5342.nii.gz,0
2736.nii.gz,2
5440.nii.gz,0
1917.nii.gz,2
101.nii.gz,0
403.nii.gz,0
4044.nii.gz,1
3087.nii.gz,1
2168.nii.gz,2
1952.nii.gz,2
2058.nii.gz,2
1581.nii.gz,2
1202.nii.gz,2
4206.nii.gz,1
3799.nii.gz,1
4116.nii.gz,1
780.nii.gz,0
372.nii.gz,0
3203.nii.gz,1
684.nii.gz,0
1607.nii.gz,2
3144.nii.gz,1
3713.nii.gz,1
3801.nii.gz,1
4136.nii.gz,1
2179.nii.gz,2
1639.nii.gz,2
4354.nii.gz,1
4055.nii.gz,1
3834.nii.gz,1
1907.nii.gz,2
1317.nii.gz,2
2659.nii.gz,2
3121.nii.gz,1
2894.nii.gz,1
1851.nii.gz,2
3202.nii.gz,1
3911.nii.gz,1
3917.nii.gz,1
1987.nii.gz,2
2724.nii.gz,2
1667.nii.gz,2
3578.nii.gz,1
263.nii.gz,0
1963.nii.gz,2
5510.nii.gz,2
1658.nii.gz,2
5404.nii.gz,0
1882.nii.gz,2
332.nii.gz,0
717.nii.gz,0
5739.nii.gz,1
5514.nii.gz,2
3797.nii.gz,1
2040.nii.gz,2
1825.nii.gz,2
3130.nii.gz,1
2455.nii.gz,2
3332.nii.gz,1
480.nii.gz,0
5546.nii.gz,1
975.nii.gz,0
3970.nii.gz,1
3957.nii.gz,1
2060.nii.gz,2
3033.nii.gz,1
2202.nii.gz,2
2299.nii.gz,2
2718.nii.gz,2
1951.nii.gz,2
1385.nii.gz,2
1203.nii.gz,2
5456.nii.gz,0
697.nii.gz,0
4079.nii.gz,1
1101.nii.gz,0
2332.nii.gz,2
272.nii.gz,0
2055.nii.gz,2
3367.nii.gz,1
797.nii.gz,0
743.nii.gz,0
2288.nii.gz,2
4076.nii.gz,1
833.nii.gz,0
1669.nii.gz,2
5644.nii.gz,1
1652.nii.gz,2
1493.nii.gz,2
834.nii.gz,0
3402.nii.gz,1
1494.nii.gz,2
4160.nii.gz,1
321.nii.gz,0
3623.nii.gz,1
3900.nii.gz,1
3646.nii.gz,1
586.nii.gz,0
2106.nii.gz,2
1534.nii.gz,2
3951.nii.gz,1
3939.nii.gz,1
2030.nii.gz,2
1008.nii.gz,0
1815.nii.gz,2
1377.nii.gz,2
1247.nii.gz,2
3824.nii.gz,1
1227.nii.gz,2
287.nii.gz,0
3923.nii.gz,1
4168.nii.gz,1
2457.nii.gz,2
3492.nii.gz,1
1737.nii.gz,2
3393.nii.gz,1
4165.nii.gz,1
1920.nii.gz,2
745.nii.gz,0
2728.nii.gz,2
1408.nii.gz,2
2367.nii.gz,2
129.nii.gz,0
2489.nii.gz,2
278.nii.gz,0
2434.nii.gz,2
4267.nii.gz,1
3336.nii.gz,1
1027.nii.gz,0
2346.nii.gz,2
174.nii.gz,0
345.nii.gz,0
1022.nii.gz,0
5484.nii.gz,2
5763.nii.gz,1
1268.nii.gz,2
1725.nii.gz,2
2188.nii.gz,2
5346.nii.gz,0
1559.nii.gz,2
1838.nii.gz,2
3663.nii.gz,1
5393.nii.gz,0
3768.nii.gz,1
1580.nii.gz,2
1770.nii.gz,2
4122.nii.gz,1
868.nii.gz,0
4272.nii.gz,1
774.nii.gz,0
268.nii.gz,0
5659.nii.gz,1
4198.nii.gz,1
2041.nii.gz,2
1693.nii.gz,2
1616.nii.gz,2
2469.nii.gz,2
2028.nii.gz,2
3687.nii.gz,1
4343.nii.gz,1
5481.nii.gz,2
1184.nii.gz,2
5660.nii.gz,1
247.nii.gz,0
3328.nii.gz,1
575.nii.gz,0
456.nii.gz,0
4335.nii.gz,1
5663.nii.gz,1
577.nii.gz,0
2270.nii.gz,2
2025.nii.gz,2
996.nii.gz,0
4214.nii.gz,1
563.nii.gz,0
1356.nii.gz,2
1507.nii.gz,2
1927.nii.gz,2
1730.nii.gz,2
1483.nii.gz,2
2123.nii.gz,2
1938.nii.gz,2
2321.nii.gz,2
3056.nii.gz,1
3333.nii.gz,1
5726.nii.gz,1
3743.nii.gz,1
710.nii.gz,0
2656.nii.gz,2
1452.nii.gz,2
3408.nii.gz,1
5690.nii.gz,1
91.nii.gz,0
4114.nii.gz,1
3131.nii.gz,1
4275.nii.gz,1
3295.nii.gz,1
1666.nii.gz,2
3733.nii.gz,1
1677.nii.gz,2
1773.nii.gz,2
5380.nii.gz,0
3976.nii.gz,1
3107.nii.gz,1
1094.nii.gz,0
1460.nii.gz,2
3695.nii.gz,1
2651.nii.gz,2
1807.nii.gz,2
2180.nii.gz,2
2054.nii.gz,2
766.nii.gz,0
1371.nii.gz,2
3197.nii.gz,1
788.nii.gz,0
1844.nii.gz,2
2115.nii.gz,2
2083.nii.gz,2
2575.nii.gz,2
373.nii.gz,0
2926.nii.gz,1
385.nii.gz,0
4146.nii.gz,1
1778.nii.gz,2
767.nii.gz,0
1809.nii.gz,2
5424.nii.gz,0
627.nii.gz,0
3300.nii.gz,1
3028.nii.gz,1
2215.nii.gz,2
5438.nii.gz,0
1147.nii.gz,0
2057.nii.gz,2
3116.nii.gz,1
477.nii.gz,0
3763.nii.gz,1
2732.nii.gz,2
3632.nii.gz,1
5490.nii.gz,2
1746.nii.gz,2
820.nii.gz,0
1570.nii.gz,2
1151.nii.gz,0
5532.nii.gz,2
3427.nii.gz,1
3193.nii.gz,1
3541.nii.gz,1
702.nii.gz,0
819.nii.gz,0
711.nii.gz,0
1459.nii.gz,2
1802.nii.gz,2
5488.nii.gz,2
224.nii.gz,0
557.nii.gz,0
800.nii.gz,0
1484.nii.gz,2
2273.nii.gz,2
1609.nii.gz,2
1754.nii.gz,2
1135.nii.gz,0
1898.nii.gz,2
2595.nii.gz,2
733.nii.gz,0
564.nii.gz,0
1162.nii.gz,0
3825.nii.gz,1
2949.nii.gz,1
1123.nii.gz,0
1208.nii.gz,2
4177.nii.gz,1
2650.nii.gz,2
3837.nii.gz,1
1294.nii.gz,2
1585.nii.gz,2
4265.nii.gz,1
1209.nii.gz,2
5350.nii.gz,0
593.nii.gz,0
517.nii.gz,0
4249.nii.gz,1
3698.nii.gz,1
1195.nii.gz,2
5594.nii.gz,1
4109.nii.gz,1
3359.nii.gz,1
3638.nii.gz,1
2235.nii.gz,2
193.nii.gz,0
1139.nii.gz,0
355.nii.gz,0
5591.nii.gz,1
2686.nii.gz,2
2893.nii.gz,1
166.nii.gz,0
2425.nii.gz,2
3982.nii.gz,1
3958.nii.gz,1
4105.nii.gz,1
2984.nii.gz,1
1114.nii.gz,0
1591.nii.gz,2
486.nii.gz,0
4204.nii.gz,1
3557.nii.gz,1
275.nii.gz,0
116.nii.gz,0
983.nii.gz,0
1766.nii.gz,2
2730.nii.gz,2
1381.nii.gz,2
5432.nii.gz,0
3183.nii.gz,1
104.nii.gz,0
3381.nii.gz,1
4259.nii.gz,1
422.nii.gz,0
1527.nii.gz,2
3324.nii.gz,1
2050.nii.gz,2
2134.nii.gz,2
2472.nii.gz,2
112.nii.gz,0
1921.nii.gz,2
1304.nii.gz,2
738.nii.gz,0
3862.nii.gz,1
3568.nii.gz,1
791.nii.gz,0
2245.nii.gz,2
3979.nii.gz,1
1930.nii.gz,2
1550.nii.gz,2
795.nii.gz,0
1880.nii.gz,2
2096.nii.gz,2
3546.nii.gz,1
226.nii.gz,0
2324.nii.gz,2
3438.nii.gz,1
3603.nii.gz,1
3528.nii.gz,1
289.nii.gz,0
1904.nii.gz,2
2440.nii.gz,2
1280.nii.gz,2
5723.nii.gz,1
2173.nii.gz,2
580.nii.gz,0
3942.nii.gz,1
357.nii.gz,0
2916.nii.gz,1
1145.nii.gz,0
430.nii.gz,0
2289.nii.gz,2
434.nii.gz,0
583.nii.gz,0
439.nii.gz,0
3567.nii.gz,1
1396.nii.gz,2
1742.nii.gz,2
93.nii.gz,0
5517.nii.gz,2
1295.nii.gz,2
4148.nii.gz,1
2322.nii.gz,2
284.nii.gz,0
5777.nii.gz,1
2948.nii.gz,1
5633.nii.gz,1
2409.nii.gz,2
514.nii.gz,0
1443.nii.gz,2
1675.nii.gz,2
3835.nii.gz,1
858.nii.gz,0
2023.nii.gz,2
753.nii.gz,0
2005.nii.gz,2
1407.nii.gz,2
2474.nii.gz,2
5568.nii.gz,1
134.nii.gz,0
2251.nii.gz,2
4231.nii.gz,1
1345.nii.gz,2
5358.nii.gz,0
2662.nii.gz,2
212.nii.gz,0
3114.nii.gz,1
2316.nii.gz,2
3424.nii.gz,1
3139.nii.gz,1
5347.nii.gz,0
1542.nii.gz,2
3021.nii.gz,1
3155.nii.gz,1
3108.nii.gz,1
2378.nii.gz,2
319.nii.gz,0
1632.nii.gz,2
786.nii.gz,0
103.nii.gz,0
232.nii.gz,0
1199.nii.gz,2
1282.nii.gz,2
680.nii.gz,0
1599.nii.gz,2
3826.nii.gz,1
3062.nii.gz,1
3652.nii.gz,1
2688.nii.gz,2
3080.nii.gz,1
1975.nii.gz,2
3703.nii.gz,1
2701.nii.gz,2
2214.nii.gz,2
3705.nii.gz,1
754.nii.gz,0
3551.nii.gz,1
188.nii.gz,0
1264.nii.gz,2
1167.nii.gz,2
2567.nii.gz,2
751.nii.gz,0
5603.nii.gz,1
1702.nii.gz,2
5655.nii.gz,1
2980.nii.gz,1
663.nii.gz,0
2048.nii.gz,2
4203.nii.gz,1
2011.nii.gz,2
2435.nii.gz,2
120.nii.gz,0
1037.nii.gz,0
4355.nii.gz,1
3879.nii.gz,1
4098.nii.gz,1
126.nii.gz,0
5365.nii.gz,0
3124.nii.gz,1
2442.nii.gz,2
3625.nii.gz,1
3462.nii.gz,1
1091.nii.gz,0
3798.nii.gz,1
4026.nii.gz,1
1225.nii.gz,2
3200.nii.gz,1
1216.nii.gz,2
2669.nii.gz,2
3691.nii.gz,1
2154.nii.gz,2
1518.nii.gz,2
1959.nii.gz,2
602.nii.gz,0
1597.nii.gz,2
3450.nii.gz,1
4217.nii.gz,1
1620.nii.gz,2
3586.nii.gz,1
406.nii.gz,0
2255.nii.gz,2
2663.nii.gz,2
501.nii.gz,0
3999.nii.gz,1
1715.nii.gz,2
3840.nii.gz,1
802.nii.gz,0
3326.nii.gz,1
5533.nii.gz,2
4197.nii.gz,1
3375.nii.gz,1
4247.nii.gz,1
3371.nii.gz,1
4156.nii.gz,1
377.nii.gz,0
2227.nii.gz,2
5604.nii.gz,1
3319.nii.gz,1
1501.nii.gz,2
3257.nii.gz,1
2604.nii.gz,2
5454.nii.gz,0
3479.nii.gz,1
3814.nii.gz,1
1186.nii.gz,2
1541.nii.gz,2
248.nii.gz,0
2901.nii.gz,1
3364.nii.gz,1
3750.nii.gz,1
4059.nii.gz,1
2612.nii.gz,2
2445.nii.gz,2
1922.nii.gz,2
436.nii.gz,0
5590.nii.gz,1
1897.nii.gz,2
3992.nii.gz,1
5482.nii.gz,2
707.nii.gz,0
3634.nii.gz,1
1764.nii.gz,2
1031.nii.gz,0
3014.nii.gz,1
1772.nii.gz,2
1442.nii.gz,2
3400.nii.gz,1
1251.nii.gz,2
324.nii.gz,0
1346.nii.gz,2
2207.nii.gz,2
5759.nii.gz,1
5435.nii.gz,0
1156.nii.gz,0
5357.nii.gz,0
817.nii.gz,0
2175.nii.gz,2
107.nii.gz,0
2648.nii.gz,2
594.nii.gz,0
3432.nii.gz,1
4199.nii.gz,1
4061.nii.gz,1
3111.nii.gz,1
1375.nii.gz,2
2945.nii.gz,1
1587.nii.gz,2
3313.nii.gz,1
3091.nii.gz,1
1713.nii.gz,2
3083.nii.gz,1
2446.nii.gz,2
4069.nii.gz,1
757.nii.gz,0
5775.nii.gz,1
3455.nii.gz,1
119.nii.gz,0
147.nii.gz,0
3452.nii.gz,1
301.nii.gz,0
2232.nii.gz,2
1610.nii.gz,2
2696.nii.gz,2
4244.nii.gz,1
2559.nii.gz,2
1947.nii.gz,2
2151.nii.gz,2
1277.nii.gz,2
2204.nii.gz,2
4258.nii.gz,1
1379.nii.gz,2
3650.nii.gz,1
3800.nii.gz,1
2900.nii.gz,1
5728.nii.gz,1
1629.nii.gz,2
1670.nii.gz,2
1510.nii.gz,2
4121.nii.gz,1
1691.nii.gz,2
1633.nii.gz,2
2584.nii.gz,2
3246.nii.gz,1
1100.nii.gz,0
765.nii.gz,0
3413.nii.gz,1
1872.nii.gz,2
2164.nii.gz,2
2365.nii.gz,2
211.nii.gz,0
1127.nii.gz,0
4293.nii.gz,1
2907.nii.gz,1
124.nii.gz,0
2306.nii.gz,2
2887.nii.gz,1
3173.nii.gz,1
538.nii.gz,0
2069.nii.gz,2
1176.nii.gz,2
4107.nii.gz,1
4004.nii.gz,1
3863.nii.gz,1
2162.nii.gz,2
3491.nii.gz,1
2370.nii.gz,2
3180.nii.gz,1
2738.nii.gz,2
5708.nii.gz,1
3418.nii.gz,1
4142.nii.gz,1
4051.nii.gz,1
2308.nii.gz,2
2538.nii.gz,2
2131.nii.gz,2
2543.nii.gz,2
4066.nii.gz,1
280.nii.gz,0
965.nii.gz,0
2739.nii.gz,2
2426.nii.gz,2
3805.nii.gz,1
3435.nii.gz,1
1971.nii.gz,2
1779.nii.gz,2
3647.nii.gz,1
2077.nii.gz,2
1698.nii.gz,2
3187.nii.gz,1
1331.nii.gz,2
5667.nii.gz,1
5647.nii.gz,1
177.nii.gz,0
831.nii.gz,0
1775.nii.gz,2
3198.nii.gz,1
1438.nii.gz,2
2676.nii.gz,2
2075.nii.gz,2
4118.nii.gz,1
3370.nii.gz,1
2998.nii.gz,1
617.nii.gz,0
735.nii.gz,0
246.nii.gz,0
2195.nii.gz,2
1649.nii.gz,2
5385.nii.gz,0
5496.nii.gz,2
1630.nii.gz,2
3668.nii.gz,1
2203.nii.gz,2
2349.nii.gz,2
5740.nii.gz,1
410.nii.gz,0
679.nii.gz,0
836.nii.gz,0
2101.nii.gz,2
5386.nii.gz,0
835.nii.gz,0
2703.nii.gz,2
1654.nii.gz,2
2685.nii.gz,2
274.nii.gz,0
1521.nii.gz,2
1515.nii.gz,2
3667.nii.gz,1
1490.nii.gz,2
1582.nii.gz,2
746.nii.gz,0
4043.nii.gz,1
1683.nii.gz,2
3343.nii.gz,1
1684.nii.gz,2
3175.nii.gz,1
231.nii.gz,0
3085.nii.gz,1
2698.nii.gz,2
3066.nii.gz,1
334.nii.gz,0
2331.nii.gz,2
5534.nii.gz,2
2680.nii.gz,2
386.nii.gz,0
4182.nii.gz,1
682.nii.gz,0
2961.nii.gz,1
2637.nii.gz,2
3159.nii.gz,1
1573.nii.gz,2
3396.nii.gz,1
1235.nii.gz,2
3378.nii.gz,1
195.nii.gz,0
3777.nii.gz,1
1019.nii.gz,0
4264.nii.gz,1
756.nii.gz,0
2171.nii.gz,2
4152.nii.gz,1
3908.nii.gz,1
2266.nii.gz,2
3178.nii.gz,1
1339.nii.gz,2
3148.nii.gz,1
3129.nii.gz,1
3748.nii.gz,1
3411.nii.gz,1
5466.nii.gz,2
1577.nii.gz,2
131.nii.gz,0
2084.nii.gz,2
3527.nii.gz,1
3355.nii.gz,1
1354.nii.gz,2
568.nii.gz,0
1006.nii.gz,0
3211.nii.gz,1
209.nii.gz,0
5691.nii.gz,1
2505.nii.gz,2
993.nii.gz,0
350.nii.gz,0
5355.nii.gz,0
1043.nii.gz,0
1418.nii.gz,2
1468.nii.gz,2
2388.nii.gz,2
5724.nii.gz,1
2230.nii.gz,2
467.nii.gz,0
3954.nii.gz,1
1458.nii.gz,2
1912.nii.gz,2
277.nii.gz,0
1777.nii.gz,2
955.nii.gz,0
1794.nii.gz,2
3538.nii.gz,1
1143.nii.gz,0
3515.nii.gz,1
625.nii.gz,0
299.nii.gz,0
4163.nii.gz,1
2166.nii.gz,2
4187.nii.gz,1
595.nii.gz,0
3179.nii.gz,1
1492.nii.gz,2
1873.nii.gz,2
4266.nii.gz,1
4191.nii.gz,1
1325.nii.gz,2
1060.nii.gz,0
1212.nii.gz,2
1946.nii.gz,2
5463.nii.gz,2
4295.nii.gz,1
3259.nii.gz,1
1789.nii.gz,2
4233.nii.gz,1
984.nii.gz,0
2432.nii.gz,2
1160.nii.gz,0
2957.nii.gz,1
3379.nii.gz,1
5729.nii.gz,1
4193.nii.gz,1
1647.nii.gz,2
4189.nii.gz,1
233.nii.gz,0
3524.nii.gz,1
3708.nii.gz,1
139.nii.gz,0
2992.nii.gz,1
2530.nii.gz,2
880.nii.gz,0
2211.nii.gz,2
2325.nii.gz,2
2067.nii.gz,2
2962.nii.gz,1
3047.nii.gz,1
4030.nii.gz,1
1712.nii.gz,2
1879.nii.gz,2
216.nii.gz,0
3205.nii.gz,1
307.nii.gz,0
5468.nii.gz,2
3585.nii.gz,1
4205.nii.gz,1
3792.nii.gz,1
560.nii.gz,0
5507.nii.gz,2
1315.nii.gz,2
1689.nii.gz,2
3458.nii.gz,1
5636.nii.gz,1
3084.nii.gz,1
1153.nii.gz,0
3981.nii.gz,1
989.nii.gz,0
1410.nii.gz,2
1218.nii.gz,2
1631.nii.gz,2
304.nii.gz,0
1915.nii.gz,2
2229.nii.gz,2
161.nii.gz,0
